{"iterations": 9000, "adv_loss": 509.9061829969287, "strat_loss": 0.7786569990217685}